{"initial_reset_timestamp": 1610056791.247922, "timestamps": [1610056795.1664672, 1610056796.921521, 1610056797.1818619, 1610056797.235639, 1610056797.3058, 1610056797.36608, 1610056797.428063, 1610056797.508468, 1610056799.233709, 1610056799.4788558], "episode_lengths": [92, 80, 97, 75, 80, 75, 76, 80, 80, 80], "episode_rewards": [-91.0, -79.0, -96.0, -74.0, -79.0, -74.0, -75.0, -79.0, -79.0, -79.0], "episode_types": ["t", "t", "t", "t", "t", "t", "t", "t", "t", "t"]}