{"initial_reset_timestamp": 1610037430.7702441, "timestamps": [1610037432.7070122, 1610037433.807591, 1610037434.052664, 1610037434.176183, 1610037434.294967, 1610037434.442694, 1610037434.582363, 1610037434.899211, 1610037438.677081, 1610037439.024999], "episode_lengths": [125, 65, 85, 91, 79, 98, 96, 229, 262, 92], "episode_rewards": [-124.0, -64.0, -84.0, -90.0, -78.0, -97.0, -95.0, -228.0, -261.0, -91.0], "episode_types": ["t", "t", "t", "t", "t", "t", "t", "t", "t", "t"]}