{"initial_reset_timestamp": 1611930577.362132, "timestamps": [1611930579.199548, 1611930580.639401, 1611930580.920933, 1611930581.0192661, 1611930581.1503549, 1611930581.24569, 1611930581.3406231, 1611930581.448448, 1611930582.773637, 1611930583.0017438], "episode_lengths": [71, 74, 71, 71, 81, 71, 71, 79, 76, 62], "episode_rewards": [-70.0, -73.0, -70.0, -70.0, -80.0, -70.0, -70.0, -78.0, -75.0, -61.0], "episode_types": ["t", "t", "t", "t", "t", "t", "t", "t", "t", "t"]}