{"initial_reset_timestamp": 1611518851.2439492, "timestamps": [1611518853.5529659, 1611518855.1743329, 1611518855.379236, 1611518855.453799, 1611518855.525609, 1611518855.5754979, 1611518855.633961, 1611518855.698658, 1611518856.96068, 1611518857.194647], "episode_lengths": [63, 84, 63, 86, 90, 72, 75, 88, 72, 89], "episode_rewards": [-62.0, -83.0, -62.0, -85.0, -89.0, -71.0, -74.0, -87.0, -71.0, -88.0], "episode_types": ["t", "t", "t", "t", "t", "t", "t", "t", "t", "t"]}