{"initial_reset_timestamp": 1611930182.362632, "timestamps": [1611930184.929088, 1611930186.3988428, 1611930186.616841, 1611930186.694609, 1611930186.764471, 1611930186.826299, 1611930186.8852851, 1611930186.96359, 1611930188.101208, 1611930188.2947588], "episode_lengths": [129, 76, 77, 76, 76, 78, 71, 97, 64, 73], "episode_rewards": [-128.0, -75.0, -76.0, -75.0, -75.0, -77.0, -70.0, -96.0, -63.0, -72.0], "episode_types": ["t", "t", "t", "t", "t", "t", "t", "t", "t", "t"]}