{"initial_reset_timestamp": 1610047422.160053, "timestamps": [1610047426.835184, 1610047430.056911, 1610047430.319057, 1610047430.414807, 1610047430.506895, 1610047430.592216, 1610047430.680925, 1610047430.8344262, 1610047433.3326762, 1610047433.5970309], "episode_lengths": [137, 152, 140, 138, 146, 135, 145, 242, 131, 144], "episode_rewards": [-136.0, -151.0, -139.0, -137.0, -145.0, -134.0, -144.0, -241.0, -130.0, -143.0], "episode_types": ["t", "t", "t", "t", "t", "t", "t", "t", "t", "t"]}