{"initial_reset_timestamp": 1611929574.083636, "timestamps": [1611929576.1845708, 1611929578.0553339, 1611929578.213095, 1611929578.281379, 1611929578.352546, 1611929578.4042711, 1611929578.461819, 1611929578.5268638, 1611929580.326357, 1611929580.487005], "episode_lengths": [101, 103, 104, 104, 104, 86, 85, 103, 104, 103], "episode_rewards": [-101.0, -103.0, -104.0, -104.0, -104.0, -86.0, -85.0, -103.0, -104.0, -103.0], "episode_types": ["t", "t", "t", "t", "t", "t", "t", "t", "t", "t"]}